Match,Match_id,Team Innings,Batting Position,Batsman Name,Runs,Balls,Fours,Sixes,SR,is_out,Boundary Runs
Namibia Vs Sri Lanka,T20I # 1823,Namibia,1,Michael van Lingen,3,6,0,0,50.00,1,0
Namibia Vs Sri Lanka,T20I # 1823,Namibia,2,Divan la Cock,9,9,1,0,100.00,1,4
Namibia Vs Sri Lanka,T20I # 1823,Namibia,3,Jan Nicol Loftie-Eaton,20,12,1,2,166.66,1,16
Namibia Vs Sri Lanka,T20I # 1823,Namibia,4,Stephan Baard,26,24,2,0,108.33,1,8
Namibia Vs Sri Lanka,T20I # 1823,Namibia,5,Gerhard Erasmus,20,24,0,0,83.33,1,0
Namibia Vs Sri Lanka,T20I # 1823,Namibia,6,Jan Frylinck,44,28,4,0,157.14,1,16
Namibia Vs Sri Lanka,T20I # 1823,Namibia,7,David Wiese,0,1,0,0,0.00,1,0
Namibia Vs Sri Lanka,T20I # 1823,Namibia,8,JJ Smit,31,16,2,2,193.75,0,20
Sri Lanka Vs Namibia,T20I # 1823,Sri Lanka,1,Pathum Nissanka,9,10,1,0,90.00,1,4
Sri Lanka Vs Namibia,T20I # 1823,Sri Lanka,2,Kusal Mendis,6,6,0,0,100.00,1,0
Sri Lanka Vs Namibia,T20I # 1823,Sri Lanka,3,Dhananjaya de Silva,12,11,1,0,109.09,1,4
Sri Lanka Vs Namibia,T20I # 1823,Sri Lanka,4,Danushka Gunathilaka,0,1,0,0,0.00,1,0
Sri Lanka Vs Namibia,T20I # 1823,Sri Lanka,5,Bhanuka Rajapaksa,20,21,2,0,95.23,1,8
Sri Lanka Vs Namibia,T20I # 1823,Sri Lanka,6,Dasun Shanaka,29,23,2,1,126.08,1,14
Sri Lanka Vs Namibia,T20I # 1823,Sri Lanka,7,Wanindu Hasaranga de Silva,4,8,0,0,50.00,1,0
Sri Lanka Vs Namibia,T20I # 1823,Sri Lanka,8,Chamika Karunaratne,5,8,0,0,62.50,1,0
Sri Lanka Vs Namibia,T20I # 1823,Sri Lanka,9,Pramod Madushan,0,0,0,0,-,1,0
Sri Lanka Vs Namibia,T20I # 1823,Sri Lanka,10,Dushmantha Chameera,8,15,0,0,53.33,1,0
Sri Lanka Vs Namibia,T20I # 1823,Sri Lanka,11,Maheesh Theekshana,11,11,0,1,100.00,0,6
Netherlands Vs U.A.E.,T20I # 1825,United Arab Emirates,1,Chirag Suri,12,20,1,0,60.00,1,4
Netherlands Vs U.A.E.,T20I # 1825,United Arab Emirates,2,Muhammad Waseem,41,47,1,2,87.23,1,16
Netherlands Vs U.A.E.,T20I # 1825,United Arab Emirates,3,Kashif Daud,15,14,0,1,107.14,1,6
Netherlands Vs U.A.E.,T20I # 1825,United Arab Emirates,4,Vriitya Aravind,18,21,0,0,85.71,1,0
Netherlands Vs U.A.E.,T20I # 1825,United Arab Emirates,5,Zawar Farid,2,4,0,0,50.00,1,0
Netherlands Vs U.A.E.,T20I # 1825,United Arab Emirates,6,Basil Hameed,4,4,1,0,100.00,1,4
Netherlands Vs U.A.E.,T20I # 1825,United Arab Emirates,7,Chundangapoyil Rizwan,1,2,0,0,50.00,1,0
Netherlands Vs U.A.E.,T20I # 1825,United Arab Emirates,8,Aayan Afzal Khan,5,7,0,0,71.42,1,0
Netherlands Vs U.A.E.,T20I # 1825,United Arab Emirates,9,Karthik Meiyappan,0,0,0,0,-,0,0
Netherlands Vs U.A.E.,T20I # 1825,United Arab Emirates,10,Junaid Siddique,0,1,0,0,0.00,0,0
U.A.E. Vs Netherlands,T20I # 1825,Netherlands,1,Vikramjit Singh,10,7,2,0,142.85,1,8
U.A.E. Vs Netherlands,T20I # 1825,Netherlands,2,Max ODowd,23,18,3,1,127.77,1,18
U.A.E. Vs Netherlands,T20I # 1825,Netherlands,3,Bas de Leede,14,18,1,0,77.77,1,4
U.A.E. Vs Netherlands,T20I # 1825,Netherlands,4,Colin Ackermann,17,19,1,0,89.47,1,4
U.A.E. Vs Netherlands,T20I # 1825,Netherlands,5,Tom Cooper,8,16,0,0,50.00,1,0
U.A.E. Vs Netherlands,T20I # 1825,Netherlands,6,Scott Edwards,16,19,0,0,84.21,0,0
U.A.E. Vs Netherlands,T20I # 1825,Netherlands,7,Roelof van der Merwe,0,2,0,0,0.00,1,0
U.A.E. Vs Netherlands,T20I # 1825,Netherlands,8,Tim Pringle,15,16,0,0,93.75,1,0
U.A.E. Vs Netherlands,T20I # 1825,Netherlands,9,Logan van Beek,4,4,0,0,100.00,0,0
Scotland Vs West Indies,T20I # 1826,Scotland,1,George Munsey,66,53,9,0,124.52,0,36
Scotland Vs West Indies,T20I # 1826,Scotland,2,Michael Jones,20,17,3,0,117.64,1,12
Scotland Vs West Indies,T20I # 1826,Scotland,3,Matthew Cross,3,5,0,0,60.00,1,0
Scotland Vs West Indies,T20I # 1826,Scotland,4,Richie Berrington,16,14,0,1,114.28,1,6
Scotland Vs West Indies,T20I # 1826,Scotland,5,Calum MacLeod,23,14,4,0,164.28,1,16
Scotland Vs West Indies,T20I # 1826,Scotland,6,Michael Leask,4,6,0,0,66.66,1,0
Scotland Vs West Indies,T20I # 1826,Scotland,7,Chris Greaves,16,11,2,0,145.45,0,8
West Indies Vs Scotland,T20I # 1826,West Indies,1,Kyle Mayers,20,13,3,1,153.84,1,18
West Indies Vs Scotland,T20I # 1826,West Indies,2,Evin Lewis,14,13,1,1,107.69,1,10
West Indies Vs Scotland,T20I # 1826,West Indies,3,Brandon King,17,15,3,0,113.33,1,12
West Indies Vs Scotland,T20I # 1826,West Indies,4,Nicholas Pooran,5,9,0,0,55.55,1,0
West Indies Vs Scotland,T20I # 1826,West Indies,5,Shamarh Brooks,4,9,0,0,44.44,1,0
West Indies Vs Scotland,T20I # 1826,West Indies,6,Rovman Powell,5,6,0,0,83.33,1,0
West Indies Vs Scotland,T20I # 1826,West Indies,7,Jason Holder,38,33,4,1,115.15,1,22
West Indies Vs Scotland,T20I # 1826,West Indies,8,Akeal Hosein,1,1,0,0,100.00,1,0
West Indies Vs Scotland,T20I # 1826,West Indies,9,Alzarri Joseph,0,1,0,0,0.00,1,0
West Indies Vs Scotland,T20I # 1826,West Indies,10,Odean Smith,5,8,0,0,62.50,1,0
West Indies Vs Scotland,T20I # 1826,West Indies,11,Obed McCoy,2,3,0,0,66.66,0,0
Ireland Vs Zimbabwe,T20I # 1828,Zimbabwe,1,Regis Chakabva,0,2,0,0,0.00,1,0
Ireland Vs Zimbabwe,T20I # 1828,Zimbabwe,2,Craig Ervine,9,12,1,0,75.00,1,4
Ireland Vs Zimbabwe,T20I # 1828,Zimbabwe,3,Wessly Madhevere,22,19,4,0,115.78,1,16
Ireland Vs Zimbabwe,T20I # 1828,Zimbabwe,4,Sean Williams,12,11,0,1,109.09,1,6
Ireland Vs Zimbabwe,T20I # 1828,Zimbabwe,5,Sikandar Raza,82,48,5,5,170.83,1,50
Ireland Vs Zimbabwe,T20I # 1828,Zimbabwe,6,Milton Shumba,16,14,1,0,114.28,1,4
Ireland Vs Zimbabwe,T20I # 1828,Zimbabwe,7,Ryan Burl,1,4,0,0,25.00,1,0
Ireland Vs Zimbabwe,T20I # 1828,Zimbabwe,8,Luke Jongwe,20,10,3,0,200.00,0,12
Zimbabwe Vs Ireland,T20I # 1828,Ireland,1,Paul Stirling,0,2,0,0,0.00,1,0
Zimbabwe Vs Ireland,T20I # 1828,Ireland,2,Andy Balbirnie,3,4,0,0,75.00,1,0
Zimbabwe Vs Ireland,T20I # 1828,Ireland,3,Lorcan Tucker,11,11,2,0,100.00,1,8
Zimbabwe Vs Ireland,T20I # 1828,Ireland,4,Harry Tector,1,4,0,0,25.00,1,0
Zimbabwe Vs Ireland,T20I # 1828,Ireland,5,Curtis Campher,27,22,1,0,122.72,1,4
Zimbabwe Vs Ireland,T20I # 1828,Ireland,6,George Dockrell,24,20,3,0,120.00,1,12
Zimbabwe Vs Ireland,T20I # 1828,Ireland,7,Gareth Delany,24,20,1,1,120.00,1,10
Zimbabwe Vs Ireland,T20I # 1828,Ireland,8,Mark Adair,9,10,0,1,90.00,1,6
Zimbabwe Vs Ireland,T20I # 1828,Ireland,9,Simi Singh,0,1,0,0,0.00,1,0
Zimbabwe Vs Ireland,T20I # 1828,Ireland,10,Barry McCarthy,22,16,1,2,137.50,0,16
Zimbabwe Vs Ireland,T20I # 1828,Ireland,11,Josh Little,7,11,1,0,63.63,0,4
Namibia Vs Netherlands,T20I # 1830,Namibia,1,Michael van Lingen,20,19,3,0,105.26,1,12
Namibia Vs Netherlands,T20I # 1830,Namibia,2,Divan la Cock,0,2,0,0,0.00,1,0
Namibia Vs Netherlands,T20I # 1830,Namibia,3,Stephan Baard,19,22,0,0,86.36,1,0
Namibia Vs Netherlands,T20I # 1830,Namibia,4,Jan Nicol Loftie-Eaton,0,2,0,0,0.00,1,0
Namibia Vs Netherlands,T20I # 1830,Namibia,5,Jan Frylinck,43,48,1,1,89.58,1,10
Namibia Vs Netherlands,T20I # 1830,Namibia,6,Gerhard Erasmus,16,18,0,0,88.88,1,0
Namibia Vs Netherlands,T20I # 1830,Namibia,7,David Wiese,11,5,1,0,220.00,0,4
Namibia Vs Netherlands,T20I # 1830,Namibia,8,JJ Smit,5,4,1,0,125.00,0,4
Netherlands Vs Namibia,T20I # 1830,Netherlands,1,Max ODowd,35,35,1,1,100.00,1,10
Netherlands Vs Namibia,T20I # 1830,Netherlands,2,Vikramjit Singh,39,31,3,2,125.80,1,24
Netherlands Vs Namibia,T20I # 1830,Netherlands,3,Bas de Leede,30,30,2,0,100.00,0,8
Netherlands Vs Namibia,T20I # 1830,Netherlands,4,Tom Cooper,6,6,1,0,100.00,1,4
Netherlands Vs Namibia,T20I # 1830,Netherlands,5,Colin Ackermann,0,2,0,0,0.00,1,0
Netherlands Vs Namibia,T20I # 1830,Netherlands,6,Scott Edwards,1,5,0,0,20.00,1,0
Netherlands Vs Namibia,T20I # 1830,Netherlands,7,Tim Pringle,8,9,0,0,88.88,0,0
Sri Lanka Vs U.A.E.,T20I # 1832,Sri Lanka,1,Pathum Nissanka,74,60,6,2,123.33,1,36
Sri Lanka Vs U.A.E.,T20I # 1832,Sri Lanka,2,Kusal Mendis,18,13,2,0,138.46,1,8
Sri Lanka Vs U.A.E.,T20I # 1832,Sri Lanka,3,Dhananjaya de Silva,33,21,3,1,157.14,1,18
Sri Lanka Vs U.A.E.,T20I # 1832,Sri Lanka,4,Bhanuka Rajapaksa,5,8,0,0,62.50,1,0
Sri Lanka Vs U.A.E.,T20I # 1832,Sri Lanka,5,Charith Asalanka,0,1,0,0,0.00,1,0
Sri Lanka Vs U.A.E.,T20I # 1832,Sri Lanka,6,Dasun Shanaka,0,1,0,0,0.00,1,0
Sri Lanka Vs U.A.E.,T20I # 1832,Sri Lanka,7,Wanindu Hasaranga de Silva,2,3,0,0,66.66,1,0
Sri Lanka Vs U.A.E.,T20I # 1832,Sri Lanka,8,Chamika Karunaratne,8,11,1,0,72.72,1,4
Sri Lanka Vs U.A.E.,T20I # 1832,Sri Lanka,9,Pramod Madushan,1,1,0,0,100.00,0,0
Sri Lanka Vs U.A.E.,T20I # 1832,Sri Lanka,10,Dushmantha Chameera,1,1,0,0,100.00,0,0
U.A.E. Vs Sri Lanka,T20I # 1832,United Arab Emirates,1,Muhammad Waseem,2,4,0,0,50.00,1,0
U.A.E. Vs Sri Lanka,T20I # 1832,United Arab Emirates,2,Chirag Suri,14,19,3,0,73.68,1,12
U.A.E. Vs Sri Lanka,T20I # 1832,United Arab Emirates,3,Aryan Lakra,1,3,0,0,33.33,1,0
U.A.E. Vs Sri Lanka,T20I # 1832,United Arab Emirates,4,Chundangapoyil Rizwan,1,3,0,0,33.33,1,0
U.A.E. Vs Sri Lanka,T20I # 1832,United Arab Emirates,5,Vriitya Aravind,9,18,1,0,50.00,1,4
U.A.E. Vs Sri Lanka,T20I # 1832,United Arab Emirates,6,Basil Hameed,2,6,0,0,33.33,1,0
U.A.E. Vs Sri Lanka,T20I # 1832,United Arab Emirates,7,Aayan Afzal Khan,19,21,1,0,90.47,1,4
U.A.E. Vs Sri Lanka,T20I # 1832,United Arab Emirates,8,Kashif Daud,0,4,0,0,0.00,1,0
U.A.E. Vs Sri Lanka,T20I # 1832,United Arab Emirates,9,Karthik Meiyappan,4,8,0,0,50.00,1,0
U.A.E. Vs Sri Lanka,T20I # 1832,United Arab Emirates,10,Junaid Siddique,18,16,1,1,112.50,1,10
U.A.E. Vs Sri Lanka,T20I # 1832,United Arab Emirates,11,Zahoor Khan,1,1,0,0,100.00,0,0
Ireland Vs Scotland,T20I # 1833,Scotland,1,George Munsey,1,2,0,0,50.00,1,0
Ireland Vs Scotland,T20I # 1833,Scotland,2,Michael Jones,86,55,6,4,156.36,1,48
Ireland Vs Scotland,T20I # 1833,Scotland,3,Matthew Cross,28,21,5,0,133.33,1,20
Ireland Vs Scotland,T20I # 1833,Scotland,4,Richie Berrington,37,27,3,1,137.03,1,18
Ireland Vs Scotland,T20I # 1833,Scotland,5,Michael Leask,17,13,2,0,130.76,0,8
Ireland Vs Scotland,T20I # 1833,Scotland,6,Calum MacLeod,0,3,0,0,0.00,1,0
Scotland Vs Ireland,T20I # 1833,Ireland,1,Paul Stirling,8,10,1,0,80.00,1,4
Scotland Vs Ireland,T20I # 1833,Ireland,2,Andy Balbirnie,14,12,2,0,116.66,1,8
Scotland Vs Ireland,T20I # 1833,Ireland,3,Lorcan Tucker,20,17,2,0,117.64,1,8
Scotland Vs Ireland,T20I # 1833,Ireland,4,Harry Tector,14,16,1,0,87.50,1,4
Scotland Vs Ireland,T20I # 1833,Ireland,5,Curtis Campher,72,32,7,2,225.00,0,40
Scotland Vs Ireland,T20I # 1833,Ireland,6,George Dockrell,39,27,4,1,144.44,0,22
West Indies Vs Zimbabwe,T20I # 1834,West Indies,1,Kyle Mayers,13,12,2,0,108.33,1,8
West Indies Vs Zimbabwe,T20I # 1834,West Indies,2,Johnson Charles,45,36,3,2,125.00,1,24
West Indies Vs Zimbabwe,T20I # 1834,West Indies,3,Evin Lewis,15,18,1,0,83.33,1,4
West Indies Vs Zimbabwe,T20I # 1834,West Indies,4,Nicholas Pooran,7,9,0,0,77.77,1,0
West Indies Vs Zimbabwe,T20I # 1834,West Indies,5,Rovman Powell,28,21,1,2,133.33,1,16
West Indies Vs Zimbabwe,T20I # 1834,West Indies,6,Shamarh Brooks,0,3,0,0,0.00,1,0
West Indies Vs Zimbabwe,T20I # 1834,West Indies,7,Jason Holder,4,3,0,0,133.33,1,0
West Indies Vs Zimbabwe,T20I # 1834,West Indies,8,Akeal Hosein,23,18,2,0,127.77,0,8
West Indies Vs Zimbabwe,T20I # 1834,West Indies,9,Odean Smith,1,2,0,0,50.00,0,0
Zimbabwe Vs West Indies,T20I # 1834,Zimbabwe,1,Wessly Madhevere,27,19,3,1,142.10,1,18
Zimbabwe Vs West Indies,T20I # 1834,Zimbabwe,2,Regis Chakabva,13,9,3,0,144.44,1,12
Zimbabwe Vs West Indies,T20I # 1834,Zimbabwe,3,Tony Munyonga,2,6,0,0,33.33,1,0
Zimbabwe Vs West Indies,T20I # 1834,Zimbabwe,4,Sean Williams,1,2,0,0,50.00,1,0
Zimbabwe Vs West Indies,T20I # 1834,Zimbabwe,5,Sikandar Raza,14,8,1,1,175.00,1,10
Zimbabwe Vs West Indies,T20I # 1834,Zimbabwe,6,Milton Shumba,2,9,0,0,22.22,1,0
Zimbabwe Vs West Indies,T20I # 1834,Zimbabwe,7,Ryan Burl,17,19,3,0,89.47,1,12
Zimbabwe Vs West Indies,T20I # 1834,Zimbabwe,8,Luke Jongwe,29,22,3,1,131.81,1,18
Zimbabwe Vs West Indies,T20I # 1834,Zimbabwe,9,Richard Ngarava,2,6,0,0,33.33,1,0
Zimbabwe Vs West Indies,T20I # 1834,Zimbabwe,10,Tendai Chatara,3,8,0,0,37.50,1,0
Zimbabwe Vs West Indies,T20I # 1834,Zimbabwe,11,Blessing Muzarabani,1,4,0,0,25.00,0,0
Netherlands Vs Sri Lanka,T20I # 1835,Sri Lanka,1,Pathum Nissanka,14,21,0,1,66.66,1,6
Netherlands Vs Sri Lanka,T20I # 1835,Sri Lanka,2,Kusal Mendis,79,44,5,5,179.54,1,50
Netherlands Vs Sri Lanka,T20I # 1835,Sri Lanka,3,Dhananjaya de Silva,0,1,0,0,0.00,1,0
Netherlands Vs Sri Lanka,T20I # 1835,Sri Lanka,4,Charith Asalanka,31,30,3,0,103.33,1,12
Netherlands Vs Sri Lanka,T20I # 1835,Sri Lanka,5,Bhanuka Rajapaksa,19,13,2,0,146.15,1,8
Netherlands Vs Sri Lanka,T20I # 1835,Sri Lanka,6,Dasun Shanaka,8,5,0,1,160.00,1,6
Netherlands Vs Sri Lanka,T20I # 1835,Sri Lanka,7,Wanindu Hasaranga de Silva,5,4,0,0,125.00,0,0
Netherlands Vs Sri Lanka,T20I # 1835,Sri Lanka,8,Chamika Karunaratne,2,2,0,0,100.00,0,0
Sri Lanka Vs Netherlands,T20I # 1835,Netherlands,1,Max ODowd,71,53,6,3,133.96,0,42
Sri Lanka Vs Netherlands,T20I # 1835,Netherlands,2,Vikramjit Singh,7,14,0,0,50.00,1,0
Sri Lanka Vs Netherlands,T20I # 1835,Netherlands,3,Bas de Leede,14,10,1,1,140.00,1,10
Sri Lanka Vs Netherlands,T20I # 1835,Netherlands,4,Colin Ackermann,0,1,0,0,0.00,1,0
Sri Lanka Vs Netherlands,T20I # 1835,Netherlands,5,Tom Cooper,16,19,2,0,84.21,1,8
Sri Lanka Vs Netherlands,T20I # 1835,Netherlands,6,Scott Edwards,21,15,3,0,140.00,1,12
Sri Lanka Vs Netherlands,T20I # 1835,Netherlands,7,Tim Pringle,2,4,0,0,50.00,1,0
Sri Lanka Vs Netherlands,T20I # 1835,Netherlands,8,Timm van der Gugten,0,1,0,0,0.00,1,0
Sri Lanka Vs Netherlands,T20I # 1835,Netherlands,9,Fred Klaassen,3,3,0,0,100.00,1,0
Sri Lanka Vs Netherlands,T20I # 1835,Netherlands,10,Paul van Meekeren,0,0,0,0,-,1,0
Sri Lanka Vs Netherlands,T20I # 1835,Netherlands,11,Roelof van der Merwe,0,1,0,0,0.00,0,0
Namibia Vs U.A.E.,T20I # 1836,United Arab Emirates,1,Muhammad Waseem,50,41,1,3,121.95,1,22
Namibia Vs U.A.E.,T20I # 1836,United Arab Emirates,2,Vriitya Aravind,21,32,2,0,65.62,1,8
Namibia Vs U.A.E.,T20I # 1836,United Arab Emirates,3,Chundangapoyil Rizwan,43,29,3,1,148.27,0,18
Namibia Vs U.A.E.,T20I # 1836,United Arab Emirates,4,Alishan Sharafu,4,4,0,0,100.00,1,0
Namibia Vs U.A.E.,T20I # 1836,United Arab Emirates,5,Basil Hameed,25,14,2,2,178.57,0,20
U.A.E. Vs Namibia,T20I # 1836,Namibia,1,Michael van Lingen,10,8,1,0,125.00,1,4
U.A.E. Vs Namibia,T20I # 1836,Namibia,2,Stephan Baard,4,6,1,0,66.66,1,4
U.A.E. Vs Namibia,T20I # 1836,Namibia,3,Jan Nicol Loftie-Eaton,1,6,0,0,16.66,1,0
U.A.E. Vs Namibia,T20I # 1836,Namibia,4,Gerhard Erasmus,16,18,2,0,88.88,1,8
U.A.E. Vs Namibia,T20I # 1836,Namibia,5,Jan Frylinck,14,17,1,0,82.35,1,4
U.A.E. Vs Namibia,T20I # 1836,Namibia,6,JJ Smit,3,3,0,0,100.00,1,0
U.A.E. Vs Namibia,T20I # 1836,Namibia,7,David Wiese,55,36,3,3,152.77,1,30
U.A.E. Vs Namibia,T20I # 1836,Namibia,8,Zane Green,2,3,0,0,66.66,1,0
U.A.E. Vs Namibia,T20I # 1836,Namibia,9,Ruben Trumpelmann,25,24,1,1,104.16,0,10
U.A.E. Vs Namibia,T20I # 1836,Namibia,10,Bernard Scholtz,1,1,0,0,100.00,0,0
Ireland Vs West Indies,T20I # 1837,West Indies,1,Kyle Mayers,1,5,0,0,20.00,1,0
Ireland Vs West Indies,T20I # 1837,West Indies,2,Johnson Charles,24,18,3,1,133.33,1,18
Ireland Vs West Indies,T20I # 1837,West Indies,3,Evin Lewis,13,18,0,0,72.22,1,0
Ireland Vs West Indies,T20I # 1837,West Indies,4,Brandon King,62,48,6,1,129.16,0,30
Ireland Vs West Indies,T20I # 1837,West Indies,5,Nicholas Pooran,13,11,0,1,118.18,1,6
Ireland Vs West Indies,T20I # 1837,West Indies,6,Rovman Powell,6,8,1,0,75.00,1,4
Ireland Vs West Indies,T20I # 1837,West Indies,7,Odean Smith,19,12,1,2,158.33,0,16
West Indies Vs Ireland,T20I # 1837,Ireland,1,Paul Stirling,66,48,6,2,137.50,0,36
West Indies Vs Ireland,T20I # 1837,Ireland,2,Andy Balbirnie,37,23,3,3,160.86,1,30
West Indies Vs Ireland,T20I # 1837,Ireland,3,Lorcan Tucker,45,35,2,2,128.57,0,20
Scotland Vs Zimbabwe,T20I # 1838,Scotland,1,George Munsey,54,51,7,0,105.88,1,28
Scotland Vs Zimbabwe,T20I # 1838,Scotland,2,Michael Jones,4,5,1,0,80.00,1,4
Scotland Vs Zimbabwe,T20I # 1838,Scotland,3,Matthew Cross,1,7,0,0,14.28,1,0
Scotland Vs Zimbabwe,T20I # 1838,Scotland,4,Richie Berrington,13,15,0,0,86.66,1,0
Scotland Vs Zimbabwe,T20I # 1838,Scotland,5,Calum MacLeod,25,26,1,0,96.15,1,4
Scotland Vs Zimbabwe,T20I # 1838,Scotland,6,Michael Leask,12,9,2,0,133.33,1,8
Scotland Vs Zimbabwe,T20I # 1838,Scotland,7,Chris Greaves,3,7,0,0,42.85,0,0
Scotland Vs Zimbabwe,T20I # 1838,Scotland,8,Josh Davey,4,3,0,0,133.33,0,0
Zimbabwe Vs Scotland,T20I # 1838,Zimbabwe,1,Regis Chakabva,4,3,1,0,133.33,1,4
Zimbabwe Vs Scotland,T20I # 1838,Zimbabwe,2,Craig Ervine,58,54,6,0,107.40,1,24
Zimbabwe Vs Scotland,T20I # 1838,Zimbabwe,3,Wessly Madhevere,0,5,0,0,0.00,1,0
Zimbabwe Vs Scotland,T20I # 1838,Zimbabwe,4,Sean Williams,7,12,0,0,58.33,1,0
Zimbabwe Vs Scotland,T20I # 1838,Zimbabwe,5,Sikandar Raza,40,23,3,2,173.91,1,24
Zimbabwe Vs Scotland,T20I # 1838,Zimbabwe,6,Milton Shumba,11,11,0,0,100.00,0,0
Zimbabwe Vs Scotland,T20I # 1838,Zimbabwe,7,Ryan Burl,9,5,1,0,180.00,0,4
Australia Vs New Zealand,T20I # 1839,New Zealand,1,Finn Allen,42,16,5,3,262.50,1,38
Australia Vs New Zealand,T20I # 1839,New Zealand,2,Devon Conway,92,58,7,2,158.62,0,40
Australia Vs New Zealand,T20I # 1839,New Zealand,3,Kane Williamson,23,23,1,1,100.00,1,10
Australia Vs New Zealand,T20I # 1839,New Zealand,4,Glenn Phillips,12,10,2,0,120.00,1,8
Australia Vs New Zealand,T20I # 1839,New Zealand,5,James Neesham,26,13,0,2,200.00,0,12
New Zealand Vs Australia,T20I # 1839,Australia,1,David Warner,5,6,1,0,83.33,1,4
New Zealand Vs Australia,T20I # 1839,Australia,2,Aaron Finch,13,11,1,1,118.18,1,10
New Zealand Vs Australia,T20I # 1839,Australia,3,Mitchell Marsh,16,12,2,1,133.33,1,14
New Zealand Vs Australia,T20I # 1839,Australia,4,Glenn Maxwell,28,20,3,1,140.00,1,18
New Zealand Vs Australia,T20I # 1839,Australia,5,Marcus Stoinis,7,14,0,0,50.00,1,0
New Zealand Vs Australia,T20I # 1839,Australia,6,Tim David,11,8,0,1,137.50,1,6
New Zealand Vs Australia,T20I # 1839,Australia,7,Matthew Wade,2,4,0,0,50.00,1,0
New Zealand Vs Australia,T20I # 1839,Australia,8,Pat Cummins,21,18,2,1,116.66,1,14
New Zealand Vs Australia,T20I # 1839,Australia,9,Mitchell Starc,4,7,0,0,57.14,1,0
New Zealand Vs Australia,T20I # 1839,Australia,10,Adam Zampa,0,2,0,0,0.00,1,0
New Zealand Vs Australia,T20I # 1839,Australia,11,Josh Hazlewood,1,1,0,0,100.00,0,0
Afghanistan Vs England,T20I # 1840,Afghanistan,1,Hazratullah Zazai,7,17,1,0,41.17,1,4
Afghanistan Vs England,T20I # 1840,Afghanistan,2,Rahmanullah Gurbaz,10,9,0,1,111.11,1,6
Afghanistan Vs England,T20I # 1840,Afghanistan,3,Ibrahim Zadran,32,32,3,1,100.00,1,18
Afghanistan Vs England,T20I # 1840,Afghanistan,4,Usman Ghani,30,30,3,0,100.00,1,12
Afghanistan Vs England,T20I # 1840,Afghanistan,5,Najibullah Zadran,13,11,0,1,118.18,1,6
Afghanistan Vs England,T20I # 1840,Afghanistan,6,Mohammad Nabi,3,5,0,0,60.00,1,0
Afghanistan Vs England,T20I # 1840,Afghanistan,7,Azmatullah Omarzai,8,6,1,0,133.33,1,4
Afghanistan Vs England,T20I # 1840,Afghanistan,8,Rashid Khan,0,1,0,0,0.00,1,0
Afghanistan Vs England,T20I # 1840,Afghanistan,9,Mujeeb Ur Rahman,0,1,0,0,0.00,1,0
Afghanistan Vs England,T20I # 1840,Afghanistan,10,Fareed Ahmad,2,4,0,0,50.00,0,0
Afghanistan Vs England,T20I # 1840,Afghanistan,11,Fazalhaq Farooqi,0,2,0,0,0.00,1,0
England Vs Afghanistan,T20I # 1840,England,1,Jos Buttler,18,18,3,0,100.00,1,12
England Vs Afghanistan,T20I # 1840,England,2,Alex Hales,19,20,0,1,95.00,1,6
England Vs Afghanistan,T20I # 1840,England,3,Dawid Malan,18,30,0,0,60.00,1,0
England Vs Afghanistan,T20I # 1840,England,4,Ben Stokes,2,4,0,0,50.00,1,0
England Vs Afghanistan,T20I # 1840,England,5,Liam Livingstone,29,21,3,0,138.09,0,12
England Vs Afghanistan,T20I # 1840,England,6,Harry Brook,7,6,0,0,116.66,1,0
England Vs Afghanistan,T20I # 1840,England,7,Moeen Ali,8,10,0,0,80.00,0,0
Ireland Vs Sri Lanka,T20I # 1841,Ireland,1,Paul Stirling,34,25,4,1,136.00,1,22
Ireland Vs Sri Lanka,T20I # 1841,Ireland,2,Andy Balbirnie,1,5,0,0,20.00,1,0
Ireland Vs Sri Lanka,T20I # 1841,Ireland,3,Lorcan Tucker,10,11,1,0,90.90,1,4
Ireland Vs Sri Lanka,T20I # 1841,Ireland,4,Harry Tector,45,42,2,1,107.14,1,14
Ireland Vs Sri Lanka,T20I # 1841,Ireland,5,Curtis Campher,2,4,0,0,50.00,1,0
Ireland Vs Sri Lanka,T20I # 1841,Ireland,6,George Dockrell,14,16,0,0,87.50,1,0
Ireland Vs Sri Lanka,T20I # 1841,Ireland,7,Gareth Delany,9,6,1,0,150.00,1,4
Ireland Vs Sri Lanka,T20I # 1841,Ireland,8,Mark Adair,0,1,0,0,0.00,1,0
Ireland Vs Sri Lanka,T20I # 1841,Ireland,9,Simi Singh,7,8,1,0,87.50,0,4
Ireland Vs Sri Lanka,T20I # 1841,Ireland,10,Barry McCarthy,2,2,0,0,100.00,0,0
Sri Lanka Vs Ireland,T20I # 1841,Sri Lanka,1,Kusal Mendis,68,43,5,3,158.13,0,38
Sri Lanka Vs Ireland,T20I # 1841,Sri Lanka,2,Dhananjaya de Silva,31,25,2,1,124.00,1,14
Sri Lanka Vs Ireland,T20I # 1841,Sri Lanka,3,Charith Asalanka,31,22,2,0,140.90,0,8
India Vs Pakistan,T20I # 1842,Pakistan,1,Mohammad Rizwan,4,12,1,0,33.33,1,4
India Vs Pakistan,T20I # 1842,Pakistan,2,Babar Azam,0,1,0,0,0.00,1,0
India Vs Pakistan,T20I # 1842,Pakistan,3,Shan Masood,52,42,5,0,123.80,0,20
India Vs Pakistan,T20I # 1842,Pakistan,4,Iftikhar Ahmed,51,34,2,4,150.00,1,32
India Vs Pakistan,T20I # 1842,Pakistan,5,Shadab Khan,5,6,1,0,83.33,1,4
India Vs Pakistan,T20I # 1842,Pakistan,6,Haider Ali,2,4,0,0,50.00,1,0
India Vs Pakistan,T20I # 1842,Pakistan,7,Mohammad Nawaz,9,6,2,0,150.00,1,8
India Vs Pakistan,T20I # 1842,Pakistan,8,Asif Ali,2,3,0,0,66.66,1,0
India Vs Pakistan,T20I # 1842,Pakistan,9,Shaheen Shah Afridi,16,8,1,1,200.00,1,10
India Vs Pakistan,T20I # 1842,Pakistan,10,Haris Rauf,6,4,0,1,150.00,0,6
Pakistan Vs India,T20I # 1842,India,1,KL Rahul,4,8,0,0,50.00,1,0
Pakistan Vs India,T20I # 1842,India,2,Rohit Sharma,4,7,0,0,57.14,1,0
Pakistan Vs India,T20I # 1842,India,3,Virat Kohli,82,53,6,4,154.71,0,48
Pakistan Vs India,T20I # 1842,India,4,Suryakumar Yadav,15,10,2,0,150.00,1,8
Pakistan Vs India,T20I # 1842,India,5,Axar Patel,2,3,0,0,66.66,1,0
Pakistan Vs India,T20I # 1842,India,6,Hardik Pandya,40,37,1,2,108.10,1,16
Pakistan Vs India,T20I # 1842,India,7,Dinesh Karthik,1,2,0,0,50.00,1,0
Pakistan Vs India,T20I # 1842,India,8,Ravichandran Ashwin,1,1,0,0,100.00,0,0
Bangladesh Vs Netherlands,T20I # 1843,Bangladesh,1,Najmul Hossain Shanto,25,20,4,0,125.00,1,16
Bangladesh Vs Netherlands,T20I # 1843,Bangladesh,2,Soumya Sarkar,14,14,2,0,100.00,1,8
Bangladesh Vs Netherlands,T20I # 1843,Bangladesh,3,Litton Das,9,11,0,0,81.81,1,0
Bangladesh Vs Netherlands,T20I # 1843,Bangladesh,4,Shakib Al Hasan,7,9,0,0,77.77,1,0
Bangladesh Vs Netherlands,T20I # 1843,Bangladesh,5,Afif Hossain,38,27,2,2,140.74,1,20
Bangladesh Vs Netherlands,T20I # 1843,Bangladesh,6,Yasir Ali,3,5,0,0,60.00,1,0
Bangladesh Vs Netherlands,T20I # 1843,Bangladesh,7,Nurul Hasan,13,18,0,0,72.22,1,0
Bangladesh Vs Netherlands,T20I # 1843,Bangladesh,8,Mosaddek Hossain,20,12,2,1,166.66,0,14
Bangladesh Vs Netherlands,T20I # 1843,Bangladesh,9,Taskin Ahmed,0,1,0,0,0.00,1,0
Bangladesh Vs Netherlands,T20I # 1843,Bangladesh,10,Hasan Mahmud,0,3,0,0,0.00,0,0
Netherlands Vs Bangladesh,T20I # 1843,Netherlands,1,Vikramjit Singh,0,1,0,0,0.00,1,0
Netherlands Vs Bangladesh,T20I # 1843,Netherlands,2,Max ODowd,8,8,0,1,100.00,1,6
Netherlands Vs Bangladesh,T20I # 1843,Netherlands,3,Bas de Leede,0,1,0,0,0.00,1,0
Netherlands Vs Bangladesh,T20I # 1843,Netherlands,4,Colin Ackermann,62,48,6,2,129.16,1,36
Netherlands Vs Bangladesh,T20I # 1843,Netherlands,5,Tom Cooper,0,0,0,0,-,1,0
Netherlands Vs Bangladesh,T20I # 1843,Netherlands,6,Scott Edwards,16,24,1,0,66.66,1,4
Netherlands Vs Bangladesh,T20I # 1843,Netherlands,7,Tim Pringle,1,6,0,0,16.66,1,0
Netherlands Vs Bangladesh,T20I # 1843,Netherlands,8,Logan van Beek,2,5,0,0,40.00,1,0
Netherlands Vs Bangladesh,T20I # 1843,Netherlands,9,Shariz Ahmad,9,8,1,0,112.50,1,4
Netherlands Vs Bangladesh,T20I # 1843,Netherlands,10,Fred Klaassen,7,6,0,0,116.66,0,0
Netherlands Vs Bangladesh,T20I # 1843,Netherlands,11,Paul van Meekeren,24,14,3,1,171.42,1,18
South Africa Vs Zimbabwe,T20I # 1844,Zimbabwe,1,Regis Chakabva,8,8,0,1,100.00,1,6
South Africa Vs Zimbabwe,T20I # 1844,Zimbabwe,2,Craig Ervine,2,6,0,0,33.33,1,0
South Africa Vs Zimbabwe,T20I # 1844,Zimbabwe,3,Sean Williams,1,1,0,0,100.00,1,0
South Africa Vs Zimbabwe,T20I # 1844,Zimbabwe,4,Sikandar Raza,0,2,0,0,0.00,1,0
South Africa Vs Zimbabwe,T20I # 1844,Zimbabwe,5,Wessly Madhevere,35,18,4,1,194.44,0,22
South Africa Vs Zimbabwe,T20I # 1844,Zimbabwe,6,Milton Shumba,18,20,2,0,90.00,1,8
Zimbabwe Vs South Africa,T20I # 1844,South Africa,1,Quinton de Kock,47,18,8,1,261.11,0,38
Zimbabwe Vs South Africa,T20I # 1844,South Africa,2,Temba Bavuma,2,2,0,0,100.00,0,0
Australia Vs Sri Lanka,T20I # 1845,Sri Lanka,1,Pathum Nissanka,40,45,2,0,88.88,1,8
Australia Vs Sri Lanka,T20I # 1845,Sri Lanka,2,Kusal Mendis,5,6,1,0,83.33,1,4
Australia Vs Sri Lanka,T20I # 1845,Sri Lanka,3,Dhananjaya de Silva,26,23,3,0,113.04,1,12
Australia Vs Sri Lanka,T20I # 1845,Sri Lanka,4,Charith Asalanka,38,25,3,2,152.00,0,24
Australia Vs Sri Lanka,T20I # 1845,Sri Lanka,5,Bhanuka Rajapaksa,7,5,1,0,140.00,1,4
Australia Vs Sri Lanka,T20I # 1845,Sri Lanka,6,Dasun Shanaka,3,5,0,0,60.00,1,0
Australia Vs Sri Lanka,T20I # 1845,Sri Lanka,7,Wanindu Hasaranga de Silva,1,4,0,0,25.00,1,0
Australia Vs Sri Lanka,T20I # 1845,Sri Lanka,8,Chamika Karunaratne,14,7,2,0,200.00,0,8
Sri Lanka Vs Australia,T20I # 1845,Australia,1,David Warner,11,10,0,0,110.00,1,0
Sri Lanka Vs Australia,T20I # 1845,Australia,2,Aaron Finch,31,42,0,1,73.80,0,6
Sri Lanka Vs Australia,T20I # 1845,Australia,3,Mitchell Marsh,17,17,1,1,100.00,1,10
Sri Lanka Vs Australia,T20I # 1845,Australia,4,Glenn Maxwell,23,12,2,2,191.66,1,20
Sri Lanka Vs Australia,T20I # 1845,Australia,5,Marcus Stoinis,59,18,4,6,327.77,0,52
England Vs Ireland,T20I # 1846,Ireland,1,Paul Stirling,14,8,1,1,175.00,1,10
England Vs Ireland,T20I # 1846,Ireland,2,Andy Balbirnie,62,47,5,2,131.91,1,32
England Vs Ireland,T20I # 1846,Ireland,3,Lorcan Tucker,34,27,3,1,125.92,1,18
England Vs Ireland,T20I # 1846,Ireland,4,Harry Tector,0,2,0,0,0.00,1,0
England Vs Ireland,T20I # 1846,Ireland,5,Curtis Campher,18,11,3,0,163.63,1,12
England Vs Ireland,T20I # 1846,Ireland,6,George Dockrell,0,1,0,0,0.00,1,0
England Vs Ireland,T20I # 1846,Ireland,7,Gareth Delany,12,10,1,0,120.00,0,4
England Vs Ireland,T20I # 1846,Ireland,8,Mark Adair,4,4,0,0,100.00,1,0
England Vs Ireland,T20I # 1846,Ireland,9,Barry McCarthy,3,3,0,0,100.00,1,0
England Vs Ireland,T20I # 1846,Ireland,10,Fionn Hand,1,2,0,0,50.00,1,0
England Vs Ireland,T20I # 1846,Ireland,11,Josh Little,0,1,0,0,0.00,1,0
Ireland Vs England,T20I # 1846,England,1,Jos Buttler,0,2,0,0,0.00,1,0
Ireland Vs England,T20I # 1846,England,2,Alex Hales,7,5,1,0,140.00,1,4
Ireland Vs England,T20I # 1846,England,3,Dawid Malan,35,37,2,0,94.59,1,8
Ireland Vs England,T20I # 1846,England,4,Ben Stokes,6,8,0,0,75.00,1,0
Ireland Vs England,T20I # 1846,England,5,Harry Brook,18,21,1,0,85.71,1,4
Ireland Vs England,T20I # 1846,England,6,Moeen Ali,24,12,3,1,200.00,0,18
Ireland Vs England,T20I # 1846,England,7,Liam Livingstone,1,2,0,0,50.00,0,0
Bangladesh Vs South Africa,T20I # 1847,South Africa,1,Temba Bavuma,2,6,0,0,33.33,1,0
Bangladesh Vs South Africa,T20I # 1847,South Africa,2,Quinton de Kock,63,38,7,3,165.78,1,46
Bangladesh Vs South Africa,T20I # 1847,South Africa,3,Rilee Rossouw,109,56,7,8,194.64,1,76
Bangladesh Vs South Africa,T20I # 1847,South Africa,4,Tristan Stubbs,7,7,1,0,100.00,1,4
Bangladesh Vs South Africa,T20I # 1847,South Africa,5,Aiden Markram,10,11,1,0,90.90,1,4
Bangladesh Vs South Africa,T20I # 1847,South Africa,6,David Miller,2,4,0,0,50.00,0,0
Bangladesh Vs South Africa,T20I # 1847,South Africa,7,Wayne Parnell,0,2,0,0,0.00,0,0
South Africa Vs Bangladesh,T20I # 1847,Bangladesh,1,Najmul Hossain Shanto,9,9,1,0,100.00,1,4
South Africa Vs Bangladesh,T20I # 1847,Bangladesh,2,Soumya Sarkar,15,6,0,2,250.00,1,12
South Africa Vs Bangladesh,T20I # 1847,Bangladesh,3,Litton Das,34,31,1,1,109.67,1,10
South Africa Vs Bangladesh,T20I # 1847,Bangladesh,4,Shakib Al Hasan,1,4,0,0,25.00,1,0
South Africa Vs Bangladesh,T20I # 1847,Bangladesh,5,Afif Hossain,1,5,0,0,20.00,1,0
South Africa Vs Bangladesh,T20I # 1847,Bangladesh,6,Mehidy Hasan Miraz,11,13,0,0,84.61,1,0
South Africa Vs Bangladesh,T20I # 1847,Bangladesh,7,Mosaddek Hossain,0,3,0,0,0.00,1,0
South Africa Vs Bangladesh,T20I # 1847,Bangladesh,8,Nurul Hasan,2,6,0,0,33.33,1,0
South Africa Vs Bangladesh,T20I # 1847,Bangladesh,9,Taskin Ahmed,10,17,1,0,58.82,1,4
South Africa Vs Bangladesh,T20I # 1847,Bangladesh,10,Hasan Mahmud,0,2,0,0,0.00,1,0
South Africa Vs Bangladesh,T20I # 1847,Bangladesh,11,Mustafizur Rahman,9,3,0,1,300.00,0,6
India Vs Netherlands,T20I # 1848,India,1,KL Rahul,9,12,1,0,75.00,1,4
India Vs Netherlands,T20I # 1848,India,2,Rohit Sharma,53,39,4,3,135.89,1,34
India Vs Netherlands,T20I # 1848,India,3,Virat Kohli,62,44,3,2,140.90,0,24
India Vs Netherlands,T20I # 1848,India,4,Suryakumar Yadav,51,25,7,1,204.00,0,34
Netherlands Vs India,T20I # 1848,Netherlands,1,Vikramjit Singh,1,9,0,0,11.11,1,0
Netherlands Vs India,T20I # 1848,Netherlands,2,Max ODowd,16,10,3,0,160.00,1,12
Netherlands Vs India,T20I # 1848,Netherlands,3,Bas de Leede,16,23,0,0,69.56,1,0
Netherlands Vs India,T20I # 1848,Netherlands,4,Colin Ackermann,17,21,1,0,80.95,1,4
Netherlands Vs India,T20I # 1848,Netherlands,5,Tom Cooper,9,12,0,0,75.00,1,0
Netherlands Vs India,T20I # 1848,Netherlands,6,Scott Edwards,5,8,0,0,62.50,1,0
Netherlands Vs India,T20I # 1848,Netherlands,7,Tim Pringle,20,15,1,1,133.33,1,10
Netherlands Vs India,T20I # 1848,Netherlands,8,Logan van Beek,3,5,0,0,60.00,1,0
Netherlands Vs India,T20I # 1848,Netherlands,9,Shariz Ahmad,16,11,2,0,145.45,0,8
Netherlands Vs India,T20I # 1848,Netherlands,10,Fred Klaassen,0,1,0,0,0.00,1,0
Netherlands Vs India,T20I # 1848,Netherlands,11,Paul van Meekeren,14,6,3,0,233.33,0,12
Pakistan Vs Zimbabwe,T20I # 1849,Zimbabwe,1,Wessly Madhevere,17,13,3,0,130.76,1,12
Pakistan Vs Zimbabwe,T20I # 1849,Zimbabwe,2,Craig Ervine,19,19,2,0,100.00,1,8
Pakistan Vs Zimbabwe,T20I # 1849,Zimbabwe,3,Milton Shumba,8,10,1,0,80.00,1,4
Pakistan Vs Zimbabwe,T20I # 1849,Zimbabwe,4,Sean Williams,31,28,3,0,110.71,1,12
Pakistan Vs Zimbabwe,T20I # 1849,Zimbabwe,5,Sikandar Raza,9,16,1,0,56.25,1,4
Pakistan Vs Zimbabwe,T20I # 1849,Zimbabwe,6,Regis Chakabva,0,1,0,0,0.00,1,0
Pakistan Vs Zimbabwe,T20I # 1849,Zimbabwe,7,Ryan Burl,10,15,0,0,66.66,0,0
Pakistan Vs Zimbabwe,T20I # 1849,Zimbabwe,8,Luke Jongwe,0,1,0,0,0.00,1,0
Pakistan Vs Zimbabwe,T20I # 1849,Zimbabwe,9,Brad Evans,19,15,0,1,126.66,1,6
Pakistan Vs Zimbabwe,T20I # 1849,Zimbabwe,10,Richard Ngarava,3,2,0,0,150.00,0,0
Zimbabwe Vs Pakistan,T20I # 1849,Pakistan,1,Mohammad Rizwan,14,16,1,1,87.50,1,10
Zimbabwe Vs Pakistan,T20I # 1849,Pakistan,2,Babar Azam,4,9,1,0,44.44,1,4
Zimbabwe Vs Pakistan,T20I # 1849,Pakistan,3,Shan Masood,44,38,3,0,115.78,1,12
Zimbabwe Vs Pakistan,T20I # 1849,Pakistan,4,Iftikhar Ahmed,5,10,1,0,50.00,1,4
Zimbabwe Vs Pakistan,T20I # 1849,Pakistan,5,Shadab Khan,17,14,0,1,121.42,1,6
Zimbabwe Vs Pakistan,T20I # 1849,Pakistan,6,Haider Ali,0,1,0,0,0.00,1,0
Zimbabwe Vs Pakistan,T20I # 1849,Pakistan,7,Mohammad Nawaz,22,18,1,1,122.22,1,10
Zimbabwe Vs Pakistan,T20I # 1849,Pakistan,8,Mohammad Wasim,12,13,2,0,92.30,0,8
Zimbabwe Vs Pakistan,T20I # 1849,Pakistan,9,Shaheen Shah Afridi,1,1,0,0,100.00,1,0
New Zealand Vs Sri Lanka,T20I # 1850,New Zealand,1,Finn Allen,1,3,0,0,33.33,1,0
New Zealand Vs Sri Lanka,T20I # 1850,New Zealand,2,Devon Conway,1,4,0,0,25.00,1,0
New Zealand Vs Sri Lanka,T20I # 1850,New Zealand,3,Kane Williamson,8,13,1,0,61.53,1,4
New Zealand Vs Sri Lanka,T20I # 1850,New Zealand,4,Glenn Phillips,104,64,10,4,162.50,1,64
New Zealand Vs Sri Lanka,T20I # 1850,New Zealand,5,Daryl Mitchell,22,24,0,0,91.66,1,0
New Zealand Vs Sri Lanka,T20I # 1850,New Zealand,6,James Neesham,5,8,0,0,62.50,1,0
New Zealand Vs Sri Lanka,T20I # 1850,New Zealand,7,Mitchell Santner,11,5,0,1,220.00,0,6
New Zealand Vs Sri Lanka,T20I # 1850,New Zealand,8,Ish Sodhi,1,1,0,0,100.00,1,0
New Zealand Vs Sri Lanka,T20I # 1850,New Zealand,9,Tim Southee,4,1,1,0,400.00,0,4
Sri Lanka Vs New Zealand,T20I # 1850,Sri Lanka,1,Pathum Nissanka,0,5,0,0,0.00,1,0
Sri Lanka Vs New Zealand,T20I # 1850,Sri Lanka,2,Kusal Mendis,4,3,1,0,133.33,1,4
Sri Lanka Vs New Zealand,T20I # 1850,Sri Lanka,3,Dhananjaya de Silva,0,3,0,0,0.00,1,0
Sri Lanka Vs New Zealand,T20I # 1850,Sri Lanka,4,Charith Asalanka,4,8,0,0,50.00,1,0
Sri Lanka Vs New Zealand,T20I # 1850,Sri Lanka,5,Bhanuka Rajapaksa,34,22,3,2,154.54,1,24
Sri Lanka Vs New Zealand,T20I # 1850,Sri Lanka,6,Chamika Karunaratne,3,8,0,0,37.50,1,0
Sri Lanka Vs New Zealand,T20I # 1850,Sri Lanka,7,Dasun Shanaka,35,32,4,1,109.37,1,22
Sri Lanka Vs New Zealand,T20I # 1850,Sri Lanka,8,Wanindu Hasaranga de Silva,4,6,1,0,66.66,1,4
Sri Lanka Vs New Zealand,T20I # 1850,Sri Lanka,9,Maheesh Theekshana,0,3,0,0,0.00,1,0
Sri Lanka Vs New Zealand,T20I # 1850,Sri Lanka,10,Kasun Rajitha,8,21,0,0,38.09,0,0
Sri Lanka Vs New Zealand,T20I # 1850,Sri Lanka,11,Lahiru Kumara,4,5,1,0,80.00,1,4
Bangladesh Vs Zimbabwe,T20I # 1851,Bangladesh,1,Najmul Hossain Shanto,71,55,7,1,129.09,1,34
Bangladesh Vs Zimbabwe,T20I # 1851,Bangladesh,2,Soumya Sarkar,0,2,0,0,0.00,1,0
Bangladesh Vs Zimbabwe,T20I # 1851,Bangladesh,3,Litton Das,14,12,3,0,116.66,1,12
Bangladesh Vs Zimbabwe,T20I # 1851,Bangladesh,4,Shakib Al Hasan,23,20,1,0,115.00,1,4
Bangladesh Vs Zimbabwe,T20I # 1851,Bangladesh,5,Afif Hossain,29,19,1,1,152.63,1,10
Bangladesh Vs Zimbabwe,T20I # 1851,Bangladesh,6,Mosaddek Hossain,7,10,0,0,70.00,1,0
Bangladesh Vs Zimbabwe,T20I # 1851,Bangladesh,7,Nurul Hasan,1,1,0,0,100.00,1,0
Bangladesh Vs Zimbabwe,T20I # 1851,Bangladesh,8,Yasir Ali,1,1,0,0,100.00,0,0
Zimbabwe Vs Bangladesh,T20I # 1851,Zimbabwe,1,Wessly Madhevere,4,3,1,0,133.33,1,4
Zimbabwe Vs Bangladesh,T20I # 1851,Zimbabwe,2,Craig Ervine,8,7,2,0,114.28,1,8
Zimbabwe Vs Bangladesh,T20I # 1851,Zimbabwe,3,Milton Shumba,8,15,1,0,53.33,1,4
Zimbabwe Vs Bangladesh,T20I # 1851,Zimbabwe,4,Sean Williams,64,42,8,0,152.38,1,32
Zimbabwe Vs Bangladesh,T20I # 1851,Zimbabwe,5,Sikandar Raza,0,3,0,0,0.00,1,0
Zimbabwe Vs Bangladesh,T20I # 1851,Zimbabwe,6,Regis Chakabva,15,19,0,0,78.94,1,0
Zimbabwe Vs Bangladesh,T20I # 1851,Zimbabwe,7,Ryan Burl,27,25,2,1,108.00,0,14
Zimbabwe Vs Bangladesh,T20I # 1851,Zimbabwe,8,Brad Evans,2,2,0,0,100.00,1,0
Zimbabwe Vs Bangladesh,T20I # 1851,Zimbabwe,9,Richard Ngarava,6,3,0,1,200.00,1,6
Zimbabwe Vs Bangladesh,T20I # 1851,Zimbabwe,10,Blessing Muzarabani,0,2,0,0,0.00,0,0
Netherlands Vs Pakistan,T20I # 1852,Netherlands,1,Stephan Myburgh,6,11,1,0,54.54,1,4
Netherlands Vs Pakistan,T20I # 1852,Netherlands,2,Max ODowd,8,13,0,0,61.53,1,0
Netherlands Vs Pakistan,T20I # 1852,Netherlands,3,Bas de Leede,6,16,1,0,37.50,1,4
Netherlands Vs Pakistan,T20I # 1852,Netherlands,4,Tom Cooper,1,2,0,0,50.00,1,0
Netherlands Vs Pakistan,T20I # 1852,Netherlands,5,Colin Ackermann,27,27,2,0,100.00,1,8
Netherlands Vs Pakistan,T20I # 1852,Netherlands,6,Scott Edwards,15,20,1,0,75.00,1,4
Netherlands Vs Pakistan,T20I # 1852,Netherlands,7,Roelof van der Merwe,5,6,0,0,83.33,1,0
Netherlands Vs Pakistan,T20I # 1852,Netherlands,8,Tim Pringle,5,8,0,0,62.50,1,0
Netherlands Vs Pakistan,T20I # 1852,Netherlands,9,Logan van Beek,6,9,0,0,66.66,0,0
Netherlands Vs Pakistan,T20I # 1852,Netherlands,10,Fred Klaassen,0,1,0,0,0.00,1,0
Netherlands Vs Pakistan,T20I # 1852,Netherlands,11,Paul van Meekeren,7,7,0,0,100.00,1,0
Pakistan Vs Netherlands,T20I # 1852,Pakistan,1,Mohammad Rizwan,49,39,5,0,125.64,1,20
Pakistan Vs Netherlands,T20I # 1852,Pakistan,2,Babar Azam,4,5,1,0,80.00,1,4
Pakistan Vs Netherlands,T20I # 1852,Pakistan,3,Fakhar Zaman,20,16,3,0,125.00,1,12
Pakistan Vs Netherlands,T20I # 1852,Pakistan,4,Shan Masood,12,16,0,0,75.00,1,0
Pakistan Vs Netherlands,T20I # 1852,Pakistan,5,Iftikhar Ahmed,6,5,0,0,120.00,0,0
Pakistan Vs Netherlands,T20I # 1852,Pakistan,6,Shadab Khan,4,2,1,0,200.00,0,4
India Vs South Africa,T20I # 1853,India,1,KL Rahul,9,14,0,1,64.28,1,6
India Vs South Africa,T20I # 1853,India,2,Rohit Sharma,15,14,1,1,107.14,1,10
India Vs South Africa,T20I # 1853,India,3,Virat Kohli,12,11,2,0,109.09,1,8
India Vs South Africa,T20I # 1853,India,4,Suryakumar Yadav,68,40,6,3,170.00,1,42
India Vs South Africa,T20I # 1853,India,5,Deepak Hooda,0,3,0,0,0.00,1,0
India Vs South Africa,T20I # 1853,India,6,Hardik Pandya,2,3,0,0,66.66,1,0
India Vs South Africa,T20I # 1853,India,7,Dinesh Karthik,6,15,0,0,40.00,1,0
India Vs South Africa,T20I # 1853,India,8,Ravichandran Ashwin,7,11,0,0,63.63,1,0
India Vs South Africa,T20I # 1853,India,9,Bhuvneshwar Kumar,4,6,0,0,66.66,0,0
India Vs South Africa,T20I # 1853,India,10,Mohammed Shami,0,2,0,0,0.00,1,0
India Vs South Africa,T20I # 1853,India,11,Arshdeep Singh,2,1,0,0,200.00,0,0
South Africa Vs India,T20I # 1853,South Africa,1,Quinton de Kock,1,3,0,0,33.33,1,0
South Africa Vs India,T20I # 1853,South Africa,2,Temba Bavuma,10,15,0,1,66.66,1,6
South Africa Vs India,T20I # 1853,South Africa,3,Rilee Rossouw,0,2,0,0,0.00,1,0
South Africa Vs India,T20I # 1853,South Africa,4,Aiden Markram,52,41,6,1,126.82,1,30
South Africa Vs India,T20I # 1853,South Africa,5,David Miller,59,46,4,3,128.26,0,34
South Africa Vs India,T20I # 1853,South Africa,6,Tristan Stubbs,6,6,1,0,100.00,1,4
South Africa Vs India,T20I # 1853,South Africa,7,Wayne Parnell,2,5,0,0,40.00,0,0
Australia Vs Ireland,T20I # 1855,Australia,1,David Warner,3,7,0,0,42.85,1,0
Australia Vs Ireland,T20I # 1855,Australia,2,Aaron Finch,63,44,5,3,143.18,1,38
Australia Vs Ireland,T20I # 1855,Australia,3,Mitchell Marsh,28,22,2,2,127.27,1,20
Australia Vs Ireland,T20I # 1855,Australia,4,Glenn Maxwell,13,9,0,1,144.44,1,6
Australia Vs Ireland,T20I # 1855,Australia,5,Marcus Stoinis,35,25,3,1,140.00,1,18
Australia Vs Ireland,T20I # 1855,Australia,6,Tim David,15,10,2,0,150.00,0,8
Australia Vs Ireland,T20I # 1855,Australia,7,Matthew Wade,7,3,1,0,233.33,0,4
Ireland Vs Australia,T20I # 1855,Ireland,1,Paul Stirling,11,7,1,1,157.14,1,10
Ireland Vs Australia,T20I # 1855,Ireland,2,Andy Balbirnie,6,7,0,1,85.71,1,6
Ireland Vs Australia,T20I # 1855,Ireland,3,Lorcan Tucker,71,48,9,1,147.91,0,42
Ireland Vs Australia,T20I # 1855,Ireland,4,Harry Tector,6,4,1,0,150.00,1,4
Ireland Vs Australia,T20I # 1855,Ireland,5,Curtis Campher,0,1,0,0,0.00,1,0
Ireland Vs Australia,T20I # 1855,Ireland,6,George Dockrell,0,4,0,0,0.00,1,0
Ireland Vs Australia,T20I # 1855,Ireland,7,Gareth Delany,14,10,2,0,140.00,1,8
Ireland Vs Australia,T20I # 1855,Ireland,8,Mark Adair,11,11,1,0,100.00,1,4
Ireland Vs Australia,T20I # 1855,Ireland,9,Fionn Hand,6,6,1,0,100.00,1,4
Ireland Vs Australia,T20I # 1855,Ireland,10,Barry McCarthy,3,7,0,0,42.85,1,0
Ireland Vs Australia,T20I # 1855,Ireland,11,Josh Little,1,5,0,0,20.00,1,0
Afghanistan Vs Sri Lanka,T20I # 1856,Afghanistan,1,Rahmanullah Gurbaz,28,24,2,2,116.66,1,20
Afghanistan Vs Sri Lanka,T20I # 1856,Afghanistan,2,Usman Ghani,27,27,2,1,100.00,1,14
Afghanistan Vs Sri Lanka,T20I # 1856,Afghanistan,3,Ibrahim Zadran,22,18,1,1,122.22,1,10
Afghanistan Vs Sri Lanka,T20I # 1856,Afghanistan,4,Najibullah Zadran,18,16,1,0,112.50,1,4
Afghanistan Vs Sri Lanka,T20I # 1856,Afghanistan,5,Gulbadin Naib,12,14,0,0,85.71,1,0
Afghanistan Vs Sri Lanka,T20I # 1856,Afghanistan,6,Mohammad Nabi,13,8,1,0,162.50,1,4
Afghanistan Vs Sri Lanka,T20I # 1856,Afghanistan,7,Rashid Khan,9,8,1,0,112.50,1,4
Afghanistan Vs Sri Lanka,T20I # 1856,Afghanistan,8,Azmatullah Omarzai,3,4,0,0,75.00,0,0
Afghanistan Vs Sri Lanka,T20I # 1856,Afghanistan,9,Mujeeb Ur Rahman,1,2,0,0,50.00,1,0
Sri Lanka Vs Afghanistan,T20I # 1856,Sri Lanka,1,Pathum Nissanka,10,10,2,0,100.00,1,8
Sri Lanka Vs Afghanistan,T20I # 1856,Sri Lanka,2,Kusal Mendis,25,27,2,1,92.59,1,14
Sri Lanka Vs Afghanistan,T20I # 1856,Sri Lanka,3,Dhananjaya de Silva,66,42,6,2,157.14,0,36
Sri Lanka Vs Afghanistan,T20I # 1856,Sri Lanka,4,Charith Asalanka,19,18,1,0,105.55,1,4
Sri Lanka Vs Afghanistan,T20I # 1856,Sri Lanka,5,Bhanuka Rajapaksa,18,14,3,0,128.57,1,12
Sri Lanka Vs Afghanistan,T20I # 1856,Sri Lanka,6,Dasun Shanaka,0,0,0,0,-,0,0
England Vs New Zealand,T20I # 1858,England,1,Jos Buttler,73,47,7,2,155.31,1,40
England Vs New Zealand,T20I # 1858,England,2,Alex Hales,52,40,7,1,130.00,1,34
England Vs New Zealand,T20I # 1858,England,3,Moeen Ali,5,6,0,0,83.33,1,0
England Vs New Zealand,T20I # 1858,England,4,Liam Livingstone,20,14,1,1,142.85,1,10
England Vs New Zealand,T20I # 1858,England,5,Harry Brook,7,3,0,1,233.33,1,6
England Vs New Zealand,T20I # 1858,England,6,Ben Stokes,8,7,0,0,114.28,1,0
England Vs New Zealand,T20I # 1858,England,7,Sam Curran,6,3,0,1,200.00,0,6
England Vs New Zealand,T20I # 1858,England,8,Dawid Malan,3,1,0,0,300.00,0,0
New Zealand Vs England,T20I # 1858,New Zealand,1,Finn Allen,16,11,0,1,145.45,1,6
New Zealand Vs England,T20I # 1858,New Zealand,2,Devon Conway,3,9,0,0,33.33,1,0
New Zealand Vs England,T20I # 1858,New Zealand,3,Kane Williamson,40,40,3,0,100.00,1,12
New Zealand Vs England,T20I # 1858,New Zealand,4,Glenn Phillips,62,36,4,3,172.22,1,34
New Zealand Vs England,T20I # 1858,New Zealand,5,James Neesham,6,3,1,0,200.00,1,4
New Zealand Vs England,T20I # 1858,New Zealand,6,Daryl Mitchell,3,5,0,0,60.00,1,0
New Zealand Vs England,T20I # 1858,New Zealand,7,Mitchell Santner,16,10,0,1,160.00,0,6
New Zealand Vs England,T20I # 1858,New Zealand,8,Ish Sodhi,6,6,0,0,100.00,0,0
Netherlands Vs Zimbabwe,T20I # 1859,Zimbabwe,1,Wessly Madhevere,1,5,0,0,20.00,1,0
Netherlands Vs Zimbabwe,T20I # 1859,Zimbabwe,2,Craig Ervine,3,12,0,0,25.00,1,0
Netherlands Vs Zimbabwe,T20I # 1859,Zimbabwe,3,Regis Chakabva,5,16,1,0,31.25,1,4
Netherlands Vs Zimbabwe,T20I # 1859,Zimbabwe,4,Sean Williams,28,23,3,0,121.73,1,12
Netherlands Vs Zimbabwe,T20I # 1859,Zimbabwe,5,Sikandar Raza,40,24,3,3,166.66,1,30
Netherlands Vs Zimbabwe,T20I # 1859,Zimbabwe,6,Milton Shumba,2,3,0,0,66.66,1,0
Netherlands Vs Zimbabwe,T20I # 1859,Zimbabwe,7,Ryan Burl,2,7,0,0,28.57,1,0
Netherlands Vs Zimbabwe,T20I # 1859,Zimbabwe,8,Luke Jongwe,6,8,0,0,75.00,1,0
Netherlands Vs Zimbabwe,T20I # 1859,Zimbabwe,9,Richard Ngarava,9,7,0,1,128.57,1,6
Netherlands Vs Zimbabwe,T20I # 1859,Zimbabwe,10,Tendai Chatara,6,7,0,0,85.71,0,0
Netherlands Vs Zimbabwe,T20I # 1859,Zimbabwe,11,Blessing Muzarabani,1,4,0,0,25.00,1,0
Zimbabwe Vs Netherlands,T20I # 1859,Netherlands,1,Stephan Myburgh,8,7,0,1,114.28,1,6
Zimbabwe Vs Netherlands,T20I # 1859,Netherlands,2,Max ODowd,52,47,8,1,110.63,1,38
Zimbabwe Vs Netherlands,T20I # 1859,Netherlands,3,Tom Cooper,32,29,2,1,110.34,1,14
Zimbabwe Vs Netherlands,T20I # 1859,Netherlands,4,Colin Ackermann,1,5,0,0,20.00,1,0
Zimbabwe Vs Netherlands,T20I # 1859,Netherlands,5,Bas de Leede,12,12,2,0,100.00,0,8
Zimbabwe Vs Netherlands,T20I # 1859,Netherlands,6,Scott Edwards,5,6,1,0,83.33,1,4
Zimbabwe Vs Netherlands,T20I # 1859,Netherlands,7,Roelof van der Merwe,0,3,0,0,0.00,0,0
Bangladesh Vs India,T20I # 1860,India,1,KL Rahul,50,32,3,4,156.25,1,36
Bangladesh Vs India,T20I # 1860,India,2,Rohit Sharma,2,8,0,0,25.00,1,0
Bangladesh Vs India,T20I # 1860,India,3,Virat Kohli,64,44,8,1,145.45,0,38
Bangladesh Vs India,T20I # 1860,India,4,Suryakumar Yadav,30,16,4,0,187.50,1,16
Bangladesh Vs India,T20I # 1860,India,5,Hardik Pandya,5,6,0,0,83.33,1,0
Bangladesh Vs India,T20I # 1860,India,6,Dinesh Karthik,7,5,1,0,140.00,1,4
Bangladesh Vs India,T20I # 1860,India,7,Axar Patel,7,6,1,0,116.66,1,4
Bangladesh Vs India,T20I # 1860,India,8,Ravichandran Ashwin,13,6,1,1,216.66,0,10
India Vs Bangladesh,T20I # 1860,Bangladesh,1,Najmul Hossain Shanto,21,25,1,1,84.00,1,10
India Vs Bangladesh,T20I # 1860,Bangladesh,2,Litton Das,60,27,7,3,222.22,1,46
India Vs Bangladesh,T20I # 1860,Bangladesh,3,Shakib Al Hasan,13,12,2,0,108.33,1,8
India Vs Bangladesh,T20I # 1860,Bangladesh,4,Afif Hossain,3,5,0,0,60.00,1,0
India Vs Bangladesh,T20I # 1860,Bangladesh,5,Yasir Ali,1,3,0,0,33.33,1,0
India Vs Bangladesh,T20I # 1860,Bangladesh,6,Nurul Hasan,25,14,2,1,178.57,0,14
India Vs Bangladesh,T20I # 1860,Bangladesh,7,Mosaddek Hossain,6,3,0,1,200.00,1,6
India Vs Bangladesh,T20I # 1860,Bangladesh,8,Taskin Ahmed,12,7,1,1,171.42,0,10
Pakistan Vs South Africa,T20I # 1861,Pakistan,1,Mohammad Rizwan,4,4,1,0,100.00,1,4
Pakistan Vs South Africa,T20I # 1861,Pakistan,2,Babar Azam,6,15,0,0,40.00,1,0
Pakistan Vs South Africa,T20I # 1861,Pakistan,3,Mohammad Haris,28,11,2,3,254.54,1,26
Pakistan Vs South Africa,T20I # 1861,Pakistan,4,Shan Masood,2,6,0,0,33.33,1,0
Pakistan Vs South Africa,T20I # 1861,Pakistan,5,Iftikhar Ahmed,51,35,3,2,145.71,1,24
Pakistan Vs South Africa,T20I # 1861,Pakistan,6,Mohammad Nawaz,28,22,4,1,127.27,1,22
Pakistan Vs South Africa,T20I # 1861,Pakistan,7,Shadab Khan,52,22,3,4,236.36,1,36
Pakistan Vs South Africa,T20I # 1861,Pakistan,8,Mohammad Wasim,0,1,0,0,0.00,1,0
Pakistan Vs South Africa,T20I # 1861,Pakistan,9,Naseem Shah,5,3,0,0,166.66,0,0
Pakistan Vs South Africa,T20I # 1861,Pakistan,10,Haris Rauf,3,2,0,0,150.00,1,0
South Africa Vs Pakistan,T20I # 1861,South Africa,1,Temba Bavuma,36,19,4,1,189.47,1,22
South Africa Vs Pakistan,T20I # 1861,South Africa,2,Quinton de Kock,0,5,0,0,0.00,1,0
South Africa Vs Pakistan,T20I # 1861,South Africa,3,Rilee Rossouw,7,6,0,1,116.66,1,6
South Africa Vs Pakistan,T20I # 1861,South Africa,4,Aiden Markram,20,14,4,0,142.85,1,16
South Africa Vs Pakistan,T20I # 1861,South Africa,5,Heinrich Klaasen,15,9,3,0,166.66,1,12
South Africa Vs Pakistan,T20I # 1861,South Africa,6,Tristan Stubbs,18,18,0,1,100.00,1,6
South Africa Vs Pakistan,T20I # 1861,South Africa,7,Wayne Parnell,3,4,0,0,75.00,1,0
South Africa Vs Pakistan,T20I # 1861,South Africa,8,Kagiso Rabada,1,2,0,0,50.00,1,0
South Africa Vs Pakistan,T20I # 1861,South Africa,9,Anrich Nortje,1,5,0,0,20.00,1,0
South Africa Vs Pakistan,T20I # 1861,South Africa,10,Lungi Ngidi,4,1,1,0,400.00,0,4
South Africa Vs Pakistan,T20I # 1861,South Africa,11,Tabraiz Shamsi,1,1,0,0,100.00,0,0
Ireland Vs New Zealand,T20I # 1862,New Zealand,1,Finn Allen,32,18,5,1,177.77,1,26
Ireland Vs New Zealand,T20I # 1862,New Zealand,2,Devon Conway,28,33,2,0,84.84,1,8
Ireland Vs New Zealand,T20I # 1862,New Zealand,3,Kane Williamson,61,35,5,3,174.28,1,38
Ireland Vs New Zealand,T20I # 1862,New Zealand,4,Glenn Phillips,17,9,2,1,188.88,1,14
Ireland Vs New Zealand,T20I # 1862,New Zealand,5,Daryl Mitchell,31,21,2,0,147.61,0,8
Ireland Vs New Zealand,T20I # 1862,New Zealand,6,James Neesham,0,1,0,0,0.00,1,0
Ireland Vs New Zealand,T20I # 1862,New Zealand,7,Mitchell Santner,0,1,0,0,0.00,1,0
Ireland Vs New Zealand,T20I # 1862,New Zealand,8,Tim Southee,1,2,0,0,50.00,0,0
New Zealand Vs Ireland,T20I # 1862,Ireland,1,Paul Stirling,37,27,3,1,137.03,1,18
New Zealand Vs Ireland,T20I # 1862,Ireland,2,Andy Balbirnie,30,25,0,3,120.00,1,18
New Zealand Vs Ireland,T20I # 1862,Ireland,3,Lorcan Tucker,13,14,0,0,92.85,1,0
New Zealand Vs Ireland,T20I # 1862,Ireland,4,Harry Tector,2,7,0,0,28.57,1,0
New Zealand Vs Ireland,T20I # 1862,Ireland,5,Gareth Delany,10,8,2,0,125.00,1,8
New Zealand Vs Ireland,T20I # 1862,Ireland,6,George Dockrell,23,15,3,0,153.33,1,12
New Zealand Vs Ireland,T20I # 1862,Ireland,7,Curtis Campher,7,7,1,0,100.00,1,4
New Zealand Vs Ireland,T20I # 1862,Ireland,8,Fionn Hand,5,3,1,0,166.66,1,4
New Zealand Vs Ireland,T20I # 1862,Ireland,9,Mark Adair,4,5,0,0,80.00,1,0
New Zealand Vs Ireland,T20I # 1862,Ireland,10,Barry McCarthy,6,5,0,0,120.00,0,0
New Zealand Vs Ireland,T20I # 1862,Ireland,11,Josh Little,8,4,0,1,200.00,0,6
Australia Vs Afghanistan,T20I # 1864,Australia,1,David Warner,25,18,5,0,138.88,1,20
Australia Vs Afghanistan,T20I # 1864,Australia,2,Cameron Green,3,2,0,0,150.00,1,0
Australia Vs Afghanistan,T20I # 1864,Australia,3,Mitchell Marsh,45,30,3,2,150.00,1,24
Australia Vs Afghanistan,T20I # 1864,Australia,4,Steven Smith,4,4,1,0,100.00,1,4
Australia Vs Afghanistan,T20I # 1864,Australia,5,Marcus Stoinis,25,21,0,2,119.04,1,12
Australia Vs Afghanistan,T20I # 1864,Australia,6,Glenn Maxwell,54,32,6,2,168.75,0,36
Australia Vs Afghanistan,T20I # 1864,Australia,7,Matthew Wade,6,8,1,0,75.00,1,4
Australia Vs Afghanistan,T20I # 1864,Australia,8,Pat Cummins,0,2,0,0,0.00,1,0
Australia Vs Afghanistan,T20I # 1864,Australia,9,Kane Richardson,1,1,0,0,100.00,1,0
Australia Vs Afghanistan,T20I # 1864,Australia,10,Adam Zampa,1,1,0,0,100.00,0,0
Afghanistan Vs Australia,T20I # 1864,Afghanistan,1,Rahmanullah Gurbaz,30,17,2,2,176.47,1,20
Afghanistan Vs Australia,T20I # 1864,Afghanistan,2,Usman Ghani,2,7,0,0,28.57,1,0
Afghanistan Vs Australia,T20I # 1864,Afghanistan,3,Ibrahim Zadran,26,33,2,0,78.78,1,8
Afghanistan Vs Australia,T20I # 1864,Afghanistan,4,Gulbadin Naib,39,23,3,2,169.56,1,24
Afghanistan Vs Australia,T20I # 1864,Afghanistan,5,Mohammad Nabi,1,2,0,0,50.00,1,0
Afghanistan Vs Australia,T20I # 1864,Afghanistan,6,Najibullah Zadran,0,2,0,0,0.00,1,0
Afghanistan Vs Australia,T20I # 1864,Afghanistan,7,Darwish Rasooli,15,13,1,0,115.38,1,4
Afghanistan Vs Australia,T20I # 1864,Afghanistan,8,Rashid Khan,48,23,3,4,208.69,0,36
Afghanistan Vs Australia,T20I # 1864,Afghanistan,9,Naveen-ul-Haq,0,0,0,0,-,0,0
England Vs Sri Lanka,T20I # 1867,Sri Lanka,1,Pathum Nissanka,67,45,2,5,148.88,1,38
England Vs Sri Lanka,T20I # 1867,Sri Lanka,2,Kusal Mendis,18,14,1,1,128.57,1,10
England Vs Sri Lanka,T20I # 1867,Sri Lanka,3,Dhananjaya de Silva,9,11,0,0,81.81,1,0
England Vs Sri Lanka,T20I # 1867,Sri Lanka,4,Charith Asalanka,8,9,0,0,88.88,1,0
England Vs Sri Lanka,T20I # 1867,Sri Lanka,5,Bhanuka Rajapaksa,22,22,3,0,100.00,1,12
England Vs Sri Lanka,T20I # 1867,Sri Lanka,6,Dasun Shanaka,3,8,0,0,37.50,1,0
England Vs Sri Lanka,T20I # 1867,Sri Lanka,7,Wanindu Hasaranga de Silva,9,9,1,0,100.00,1,4
England Vs Sri Lanka,T20I # 1867,Sri Lanka,8,Chamika Karunaratne,0,2,0,0,0.00,1,0
England Vs Sri Lanka,T20I # 1867,Sri Lanka,9,Maheesh Theekshana,0,0,0,0,-,0,0
Sri Lanka Vs England,T20I # 1867,England,1,Jos Buttler,28,23,2,1,121.73,1,14
Sri Lanka Vs England,T20I # 1867,England,2,Alex Hales,47,30,7,1,156.66,1,34
Sri Lanka Vs England,T20I # 1867,England,3,Ben Stokes,42,36,2,0,116.66,0,8
Sri Lanka Vs England,T20I # 1867,England,4,Harry Brook,4,5,0,0,80.00,1,0
Sri Lanka Vs England,T20I # 1867,England,5,Liam Livingstone,4,6,0,0,66.66,1,0
Sri Lanka Vs England,T20I # 1867,England,6,Moeen Ali,1,5,0,0,20.00,1,0
Sri Lanka Vs England,T20I # 1867,England,7,Sam Curran,6,11,0,0,54.54,1,0
Sri Lanka Vs England,T20I # 1867,England,8,Chris Woakes,5,3,1,0,166.66,0,4
Netherlands Vs South Africa,T20I # 1871,Netherlands,1,Stephan Myburgh,37,30,7,0,123.33,1,28
Netherlands Vs South Africa,T20I # 1871,Netherlands,2,Max ODowd,29,31,1,1,93.54,1,10
Netherlands Vs South Africa,T20I # 1871,Netherlands,3,Tom Cooper,35,19,2,2,184.21,1,20
Netherlands Vs South Africa,T20I # 1871,Netherlands,4,Colin Ackermann,41,26,3,2,157.69,0,24
Netherlands Vs South Africa,T20I # 1871,Netherlands,5,Bas de Leede,1,7,0,0,14.28,1,0
Netherlands Vs South Africa,T20I # 1871,Netherlands,6,Scott Edwards,12,7,2,0,171.42,0,8
South Africa Vs Netherlands,T20I # 1871,South Africa,1,Quinton de Kock,13,13,1,1,100.00,1,10
South Africa Vs Netherlands,T20I # 1871,South Africa,2,Temba Bavuma,20,20,2,0,100.00,1,8
South Africa Vs Netherlands,T20I # 1871,South Africa,3,Rilee Rossouw,25,19,2,0,131.57,1,8
South Africa Vs Netherlands,T20I # 1871,South Africa,4,Aiden Markram,17,13,2,0,130.76,1,8
South Africa Vs Netherlands,T20I # 1871,South Africa,5,David Miller,17,17,1,0,100.00,1,4
South Africa Vs Netherlands,T20I # 1871,South Africa,6,Heinrich Klaasen,21,18,0,1,116.66,1,6
South Africa Vs Netherlands,T20I # 1871,South Africa,7,Wayne Parnell,0,2,0,0,0.00,1,0
South Africa Vs Netherlands,T20I # 1871,South Africa,8,Keshav Maharaj,13,12,0,1,108.33,1,6
South Africa Vs Netherlands,T20I # 1871,South Africa,9,Kagiso Rabada,9,8,0,0,112.50,0,0
South Africa Vs Netherlands,T20I # 1871,South Africa,10,Anrich Nortje,4,1,1,0,400.00,0,4
Bangladesh Vs Pakistan,T20I # 1872,Bangladesh,1,Najmul Hossain Shanto,54,48,7,0,112.50,1,28
Bangladesh Vs Pakistan,T20I # 1872,Bangladesh,2,Litton Das,10,8,0,1,125.00,1,6
Bangladesh Vs Pakistan,T20I # 1872,Bangladesh,3,Soumya Sarkar,20,17,1,1,117.64,1,10
Bangladesh Vs Pakistan,T20I # 1872,Bangladesh,4,Shakib Al Hasan,0,1,0,0,0.00,1,0
Bangladesh Vs Pakistan,T20I # 1872,Bangladesh,5,Afif Hossain,24,20,3,0,120.00,0,12
Bangladesh Vs Pakistan,T20I # 1872,Bangladesh,6,Mosaddek Hossain,5,11,0,0,45.45,1,0
Bangladesh Vs Pakistan,T20I # 1872,Bangladesh,7,Nurul Hasan,0,3,0,0,0.00,1,0
Bangladesh Vs Pakistan,T20I # 1872,Bangladesh,8,Taskin Ahmed,1,5,0,0,20.00,1,0
Bangladesh Vs Pakistan,T20I # 1872,Bangladesh,9,Nasum Ahmed,7,6,1,0,116.66,1,4
Bangladesh Vs Pakistan,T20I # 1872,Bangladesh,10,Mustafizur Rahman,0,1,0,0,0.00,0,0
Pakistan Vs Bangladesh,T20I # 1872,Pakistan,1,Mohammad Rizwan,32,32,2,1,100.00,1,14
Pakistan Vs Bangladesh,T20I # 1872,Pakistan,2,Babar Azam,25,33,2,0,75.75,1,8
Pakistan Vs Bangladesh,T20I # 1872,Pakistan,3,Mohammad Nawaz,4,11,0,0,36.36,1,0
Pakistan Vs Bangladesh,T20I # 1872,Pakistan,4,Mohammad Haris,31,18,1,2,172.22,1,16
Pakistan Vs Bangladesh,T20I # 1872,Pakistan,5,Shan Masood,24,14,2,0,171.42,0,8
Pakistan Vs Bangladesh,T20I # 1872,Pakistan,6,Iftikhar Ahmed,1,3,0,0,33.33,1,0
Pakistan Vs Bangladesh,T20I # 1872,Pakistan,7,Shadab Khan,0,0,0,0,-,0,0
India Vs Zimbabwe,T20I # 1873,India,1,KL Rahul,51,35,3,3,145.71,1,30
India Vs Zimbabwe,T20I # 1873,India,2,Rohit Sharma,15,13,2,0,115.38,1,8
India Vs Zimbabwe,T20I # 1873,India,3,Virat Kohli,26,25,2,0,104.00,1,8
India Vs Zimbabwe,T20I # 1873,India,4,Suryakumar Yadav,61,25,6,4,244.00,0,48
India Vs Zimbabwe,T20I # 1873,India,5,Rishabh Pant,3,5,0,0,60.00,1,0
India Vs Zimbabwe,T20I # 1873,India,6,Hardik Pandya,18,18,2,0,100.00,1,8
India Vs Zimbabwe,T20I # 1873,India,7,Axar Patel,0,0,0,0,-,0,0
Zimbabwe Vs India,T20I # 1873,Zimbabwe,1,Wessly Madhevere,0,1,0,0,0.00,1,0
Zimbabwe Vs India,T20I # 1873,Zimbabwe,2,Craig Ervine,13,15,2,0,86.66,1,8
Zimbabwe Vs India,T20I # 1873,Zimbabwe,3,Regis Chakabva,0,6,0,0,0.00,1,0
Zimbabwe Vs India,T20I # 1873,Zimbabwe,4,Sean Williams,11,18,0,1,61.11,1,6
Zimbabwe Vs India,T20I # 1873,Zimbabwe,5,Sikandar Raza,34,24,3,0,141.66,1,12
Zimbabwe Vs India,T20I # 1873,Zimbabwe,6,Tony Munyonga,5,4,1,0,125.00,1,4
Zimbabwe Vs India,T20I # 1873,Zimbabwe,7,Ryan Burl,35,22,5,1,159.09,1,26
Zimbabwe Vs India,T20I # 1873,Zimbabwe,8,Wellington Masakadza,1,7,0,0,14.28,1,0
Zimbabwe Vs India,T20I # 1873,Zimbabwe,9,Richard Ngarava,1,2,0,0,50.00,1,0
Zimbabwe Vs India,T20I # 1873,Zimbabwe,10,Tendai Chatara,4,4,1,0,100.00,1,4
Zimbabwe Vs India,T20I # 1873,Zimbabwe,11,Blessing Muzarabani,0,2,0,0,0.00,0,0
New Zealand Vs Pakistan,T20I # 1877,New Zealand,1,Finn Allen,4,3,1,0,133.33,1,4
New Zealand Vs Pakistan,T20I # 1877,New Zealand,2,Devon Conway,21,20,3,0,105.00,1,12
New Zealand Vs Pakistan,T20I # 1877,New Zealand,3,Kane Williamson,46,42,1,1,109.52,1,10
New Zealand Vs Pakistan,T20I # 1877,New Zealand,4,Glenn Phillips,6,8,1,0,75.00,1,4
New Zealand Vs Pakistan,T20I # 1877,New Zealand,5,Daryl Mitchell,53,35,3,1,151.42,0,18
New Zealand Vs Pakistan,T20I # 1877,New Zealand,6,James Neesham,16,12,1,0,133.33,0,4
Pakistan Vs New Zealand,T20I # 1877,Pakistan,1,Mohammad Rizwan,57,43,5,0,132.55,1,20
Pakistan Vs New Zealand,T20I # 1877,Pakistan,2,Babar Azam,53,42,7,0,126.19,1,28
Pakistan Vs New Zealand,T20I # 1877,Pakistan,3,Mohammad Haris,30,26,2,1,115.38,1,14
Pakistan Vs New Zealand,T20I # 1877,Pakistan,4,Shan Masood,3,4,0,0,75.00,0,0
Pakistan Vs New Zealand,T20I # 1877,Pakistan,5,Iftikhar Ahmed,0,0,0,0,-,0,0
England Vs India,T20I # 1878,India,1,KL Rahul,5,5,1,0,100.00,1,4
England Vs India,T20I # 1878,India,2,Rohit Sharma,27,28,4,0,96.42,1,16
England Vs India,T20I # 1878,India,3,Virat Kohli,50,40,4,1,125.00,1,22
England Vs India,T20I # 1878,India,4,Suryakumar Yadav,14,10,1,1,140.00,1,10
England Vs India,T20I # 1878,India,5,Hardik Pandya,63,33,4,5,190.90,1,46
England Vs India,T20I # 1878,India,6,Rishabh Pant,6,4,1,0,150.00,1,4
England Vs India,T20I # 1878,India,7,Ravichandran Ashwin,0,0,0,0,-,0,0
India Vs England,T20I # 1878,England,1,Jos Buttler,80,49,9,3,163.26,0,54
India Vs England,T20I # 1878,England,2,Alex Hales,86,47,4,7,182.97,0,58
England Vs Pakistan,T20I # 1879,Pakistan,1,Mohammad Rizwan,15,14,0,1,107.14,1,6
England Vs Pakistan,T20I # 1879,Pakistan,2,Babar Azam,32,28,2,0,114.28,1,8
England Vs Pakistan,T20I # 1879,Pakistan,3,Mohammad Haris,8,12,1,0,66.66,1,4
England Vs Pakistan,T20I # 1879,Pakistan,4,Shan Masood,38,28,2,1,135.71,1,14
England Vs Pakistan,T20I # 1879,Pakistan,5,Iftikhar Ahmed,0,6,0,0,0.00,1,0
England Vs Pakistan,T20I # 1879,Pakistan,6,Shadab Khan,20,14,2,0,142.85,1,8
England Vs Pakistan,T20I # 1879,Pakistan,7,Mohammad Nawaz,5,7,0,0,71.42,1,0
England Vs Pakistan,T20I # 1879,Pakistan,8,Mohammad Wasim,4,8,0,0,50.00,1,0
England Vs Pakistan,T20I # 1879,Pakistan,9,Shaheen Shah Afridi,5,3,1,0,166.66,0,4
England Vs Pakistan,T20I # 1879,Pakistan,10,Haris Rauf,1,1,0,0,100.00,0,0
Pakistan Vs England,T20I # 1879,England,1,Jos Buttler,26,17,3,1,152.94,1,18
Pakistan Vs England,T20I # 1879,England,2,Alex Hales,1,2,0,0,50.00,1,0
Pakistan Vs England,T20I # 1879,England,3,Phil Salt,10,9,2,0,111.11,1,8
Pakistan Vs England,T20I # 1879,England,4,Ben Stokes,52,49,5,1,106.12,0,26
Pakistan Vs England,T20I # 1879,England,5,Harry Brook,20,23,1,0,86.95,1,4
Pakistan Vs England,T20I # 1879,England,6,Moeen Ali,19,13,3,0,146.15,1,12
Pakistan Vs England,T20I # 1879,England,7,Liam Livingstone,1,1,0,0,100.00,0,0
